{"cameraMode":{"drawMode":0,"name":"Shaded","section":"Shading Mode"},"sceneLighting":false,"audioPlay":false,"sceneViewState":{"showFog":false,"showMaterialUpdate":false,"showSkybox":false,"showFlares":false,"showImageEffects":false,"showParticleSystems":false},"in2DMode":false,"pivot":{"x":-0.7580000162124634,"y":0.5199999809265137,"z":0.5679999589920044},"rotation":{"x":0.6022405028343201,"y":0.10804957151412964,"z":-0.08272018283605576,"w":0.7866461873054504},"size":0.8916963934898377,"orthographic":false}